group,year,perc
Anti-Western axis,1995,50.3
Anti-Western axis,2012,93.3
Anti-Western axis,2022,71.60000000000001
Rest of world,1995,55.699999999999996
Rest of world,2012,96.3
Rest of world,2022,79.7
G7 and partners,1995,100
G7 and partners,2012,99.89999999999999
G7 and partners,2022,99.9
