name,Impact,Likelihood,type,Impact_mean,Likelihood_mean
Academia,3.6168088874577364,3.067937033968517,Employer,3.6977911646586343,3.0785458655113955
Inter/governmental organisation,3.802958267300581,3.08495670995671,Employer,3.6977911646586343,3.0785458655113955
Think-tank,3.8113522537562603,3.0945121951219514,Employer,3.6977911646586343,3.0785458655113955
Central and Eastern Europe,3.612397820163488,3.0145228215767634,Region,3.6977911646586343,3.0785458655113955
Northern Europe,3.6982872200263506,3.0151724137931035,Region,3.6977911646586343,3.0785458655113955
Southern Europe,3.660050675675676,3.075439348478354,Region,3.6977911646586343,3.0785458655113955
Western Europe,3.7693730349546883,3.116493656286044,Region,3.6977911646586343,3.0785458655113955
non-EU,3.5167714884696015,3.0219298245614037,Region,3.6977911646586343,3.0785458655113955
